region,n_studies,total_n,weighted_def,weighted_mean,min_def,max_def,mean_lat,mean_lon
Ashanti,10,2602,56.37125288239815,17.93097617217525,35.0,84.0,6.75,-1.52
Eastern,2,215,33.16279069767442,22.6046511627907,23.0,46.0,6.45,-0.45
Greater Accra,8,3292,30.00443499392467,24.470261239368167,8.0,88.1,5.61,-0.19
